{
    "A Killer Among Us": 0.6044640744538213,
    "Absolving Lammasu": 0.5356570084464878,
    "Aftermath Analyst": 0.5290190886020082,
    "Agency Coroner": 0.5084931506849315,
    "Agency Outfitter": 0.5028768699654775,
    "Agrus Kos, Spirit of Justice": 0.6410068783843115,
    "Airtight Alibi": 0.5353535353535354,
    "Alley Assailant": 0.525079341918068,
    "Alquist Proft, Master Sleuth": 0.5849477112977884,
    "Analyze the Pollen": 0.5469323025076817,
    "Anzrag's Rampage": 0.42948717948717946,
    "Anzrag, the Quake-Mole": 0.5701878408402343,
    "Archdruid's Charm": 0.5776837772950726,
    "Assassin's Trophy": 0.525725174677112,
    "Assemble the Players": 0.4778620568001411,
    "Audience with Trostani": 0.5337313432835821,
    "Aurelia's Vindicator": 0.6851805416248746,
    "Aurelia, the Law Above": 0.6058750637801589,
    "Auspicious Arrival": 0.5582711996438905,
    "Axebane Ferox": 0.5899319940592511,
    "Barbed Servitor": 0.5057251908396947,
    "Basilica Stalker": 0.5151451038471032,
    "Behind the Mask": 0.50174437044085,
    "Benthic Criminologists": 0.5225366465469938,
    "Bishop of the Bloodstained": 0.36666666666666664,
    "Bite Down on Crime": 0.5697120511908994,
    "Blood Spatter Analysis": 0.5565924142083083,
    "Bolrac-Clan Basher": 0.5388408224020839,
    "Branch of Vitu-Ghazi": 0.5232805755395683,
    "Break Out": 0.4937679769894535,
    "Bubble Smuggler": 0.5280707309350415,
    "Burden of Guilt": 0.5,
    "Burden of Proof": 0.5327645289880412,
    "Buried in the Garden": 0.5991146089522873,
    "Call a Surprise Witness": 0.5390035938270735,
    "Candlestick": 0.5038799793067771,
    "Case File Auditor": 0.5369332234130255,
    "Case of the Burning Masks": 0.5545264203839739,
    "Case of the Crimson Pulse": 0.5360667412758164,
    "Case of the Filched Falcon": 0.5267018779342723,
    "Case of the Gateway Express": 0.5842481268513678,
    "Case of the Gorgon's Kiss": 0.48838015955601805,
    "Case of the Locked Hothouse": 0.5632634457611668,
    "Case of the Pilfered Proof": 0.48332168498633965,
    "Case of the Ransacked Lab": 0.2915129151291513,
    "Case of the Shattered Pact": 0.524882707774799,
    "Case of the Stashed Skeleton": 0.5629306162057254,
    "Case of the Trampled Garden": 0.5397008055235903,
    "Case of the Uneaten Feast": 0.4838709677419355,
    "Caught Red-Handed": 0.5092667203867849,
    "Cease // Desist": 0.5361263736263736,
    "Cerebral Confiscation": 0.48753256419799035,
    "Chalk Outline": 0.5033232054690467,
    "Clandestine Meddler": 0.5273205612520238,
    "Coerced to Kill": 0.5853709949409781,
    "Cold Case Cracker": 0.5532124219351527,
    "Combine Chrysalis": 0.46373626373626375,
    "Commercial District": 0.5509896729776248,
    "Concealed Weapon": 0.5149487547129733,
    "Connecting the Dots": 0.4708253358925144,
    "Consign // Oblivion": 0.543832428238945,
    "Conspiracy Unraveler": 0.5180836073273838,
    "Convenient Target": 0.523730876216968,
    "Cornered Crook": 0.5410708013447739,
    "Coveted Falcon": 0.513595166163142,
    "Crashing Footfalls": 0.6167146974063401,
    "Crime Novelist": 0.5010835139189865,
    "Crimestopper Sprite": 0.5409570284283353,
    "Crowd-Control Warden": 0.547141207045914,
    "Cryptex": 0.49065702230259195,
    "Cryptic Coat": 0.6329960352683591,
    "Culvert Ambusher": 0.5364033234755669,
    "Curious Cadaver": 0.4981870309469601,
    "Curious Inquiry": 0.5032300593276203,
    "Deadly Complication": 0.5432350664884261,
    "Deadly Cover-Up": 0.5830358004438869,
    "Deduce": 0.5503130022840708,
    "Defenestrated Phantom": 0.5223893207164583,
    "Delney, Streetwise Lookout": 0.5271394611727417,
    "Demand Answers": 0.5083705631106092,
    "Detective's Satchel": 0.5844181228255346,
    "Dog Walker": 0.5820269704997709,
    "Doorkeeper Thrull": 0.518173045995497,
    "Doppelgang": 0.6227401303652688,
    "Drag the Canal": 0.5464205073714968,
    "Dramatic Accusation": 0.5364559209510575,
    "Drown in the Loch": 0.5220994475138122,
    "Due Diligence": 0.5220267290644828,
    "Duskmantle, House of Shadow": 0.5740740740740741,
    "Elegant Parlor": 0.5627726152095581,
    "Eliminate the Impossible": 0.5413783429960726,
    "Enlisted Wurm": 0.615355944837868,
    "Escape Tunnel": 0.5567734306719448,
    "Essence of Antiquity": 0.5059107358262968,
    "Etrata, Deadly Fugitive": 0.5815372878123212,
    "Evidence Examiner": 0.5755236567067089,
    "Evolutionary Leap": 0.4857142857142857,
    "Exit Specialist": 0.5668971126474176,
    "Expedited Inheritance": 0.359375,
    "Expose the Culprit": 0.4576185671039354,
    "Extract a Confession": 0.5590072000990677,
    "Ezrim, Agency Chief": 0.6361760660247593,
    "Fabricate": 0.35714285714285715,
    "Fae Flight": 0.5177443936424995,
    "Faerie Snoop": 0.5365477454377917,
    "Fanatical Strength": 0.5626788908765653,
    "Felonious Rage": 0.5571045576407506,
    "Festerleech": 0.5566871637202152,
    "Field of the Dead": 0.5064935064935064,
    "Flotsam // Jetsam": 0.5033468186833394,
    "Flourishing Bloom-Kin": 0.5827643756637839,
    "Forensic Gadgeteer": 0.5163796724065519,
    "Forensic Researcher": 0.5402369730872572,
    "Forest": 0.5472452459885323,
    "Forum Familiar": 0.5043012375490492,
    "Frantic Scapegoat": 0.5549453064213465,
    "Fugitive Codebreaker": 0.5646112173358827,
    "Furtive Courier": 0.5404348655349991,
    "Fuss // Bother": 0.5915521364566226,
    "Gadget Technician": 0.5571040108769545,
    "Galvanize": 0.5660646088304617,
    "Gamble": 0.3918918918918919,
    "Gearbane Orangutan": 0.5248140672951975,
    "Get a Leg Up": 0.5762467958807393,
    "Ghost Quarter": 0.4142857142857143,
    "Ghostly Prison": 0.4790794979079498,
    "Gleaming Geardrake": 0.6034753951014905,
    "Glint Weaver": 0.5757765705530018,
    "Gnaw to the Bone": 0.425531914893617,
    "Goblin Maskmaker": 0.5428219346888478,
    "Goblin Warchief": 0.41350210970464135,
    "Granite Witness": 0.5609920337454102,
    "Gravestone Strider": 0.5296648219693014,
    "Greenbelt Radical": 0.5750862964576561,
    "Griffnaut Tracker": 0.5215238915195868,
    "Haazda Vigilante": 0.5535350332895511,
    "Hard Evidence": 0.5658253751705321,
    "Hard-Hitting Question": 0.5715034392400917,
    "Harried Dronesmith": 0.5269689314364224,
    "Hedge Maze": 0.5536414182845684,
    "Hedge Whisperer": 0.5378771667023325,
    "Hide in Plain Sight": 0.6302742616033755,
    "High Alert": 0.45323741007194246,
    "Homicide Investigator": 0.5791799222340049,
    "Hotshot Investigators": 0.5444218316373728,
    "Hunted Bonebrute": 0.5841061856547265,
    "Hustle // Bustle": 0.5209369484999198,
    "Ill-Timed Explosion": 0.6027045931452553,
    "Illicit Masquerade": 0.48364688856729376,
    "Incinerator of the Guilty": 0.5890132248219736,
    "Innocent Bystander": 0.5332488164332547,
    "Inside Source": 0.5827608514833185,
    "Insidious Roots": 0.5022257394401028,
    "Intrude on the Mind": 0.5843297228864819,
    "Island": 0.5438212334405177,
    "It Doesn't Add Up": 0.48657921291624623,
    "Ixidor, Reality Sculptor": 0.42168674698795183,
    "Izoni, Center of the Web": 0.6505806451612903,
    "Jace, Wielder of Mysteries": 0.5510204081632653,
    "Jaded Analyst": 0.522800329986061,
    "Judith, Carnage Connoisseur": 0.4986442129299272,
    "Karlov Watchdog": 0.5612152654954211,
    "Kaya, Spirits' Justice": 0.6017684351017685,
    "Kellan, Inquisitive Prodigy": 0.6041783848935315,
    "Knife": 0.4781884781884782,
    "Kraul Whipcracker": 0.5693523271238249,
    "Krenko's Buzzcrusher": 0.5397818701948864,
    "Krenko, Baron of Tin Street": 0.5876936896474287,
    "Krosan Tusker": 0.5519096288327058,
    "Krovod Haunch": 0.5369774919614148,
    "Kuldotha Rebirth": 0.49101796407185627,
    "Kylox's Voltstrider": 0.568477429227238,